name,poses
MP1_1,MP_A,MP_B,MP_C,MP_D,MP_E
MP1_2,MP_E,MP_F,MP_G,MP_H,MP_I
MP1_3,MP_J2,K2,MP_N,MP_O,MP_P,MP_Q,MP_R,MP_S,MP_T
MP1_4,MP_T,MP_U,MP_V,MP_W,MP_X,MP_Y,MP_J,MP_I,MP_H,MP_ZA,MP_ZB,MP_E,MP_D,MP_C,MP_B,MP_A
MP2_1,MP_A,MP_B,MP_C,MP_D,MP_E
MP2_2,MP_F,MP_G,MP_H,MP_I,MP_J,MP_K,MP_L,MP_M,MP_N,MP_Q,MP_R
MP2_3,MP_S,MP_T,MP_U,MP_V,MP_W,MP_X,MP_Y,MP_I,MP_ZA,MP_ZB
MP2_4,MP_E,MP_D,MP_C,MP_B,MP_A
Chicane,MP_A,MP_B,MP_C,MP_D,MP_E,MP_XA,MP_XB,MP_XC,MP_E,MP_D,MP_XD,MP_XE,MP_XF,MP_XG,MP_D,MP_E
Chicane2,MP_D,MP_XD,MP_XE,MP_XF,MP_XG,MP_D,MP_E
Figure_8,MP_1,MP_2,MP_3,MP_4,MP_5,MP_6,MP_7,MP_8,MP_1